{
    "now": "2025-07-23T14:20:19.574Z",
    "perfNow": 17821769.6,
    "diagnosticCorrelation": "980ea6bd-94a2-4030-b163-6e8e080b795b",
    "source": "DownloadSupportFiles",
    "environment": {
        "productName": "adf",
        "buildVersion": "1.0.071425.1",
        "environmentType": 3,
        "resourceName": "HIBA",
        "resourceRegion": "southindia",
        "resourceGroup": "SCDEMO",
        "subscriptionId": "99c9ecdf-d768-477a-b2d4-89c21839dea8",
        "sessionId": "voqml9VCFj/RAfOhnINsBU",
        "operationId": "",
        "gitType": "live",
        "loggingKey": "ef8d47b4-9a23-45e8-a161-34a8a1e1ba0d"
    },
    "additionalInfo": {
        "selectedResource": "dataflow1",
        "selectedResourceType": "dataflow"
    }
}