{
    "name": "CustomerJson1",
    "properties": {
        "linkedServiceName": {
            "referenceName": "AzureDataLakeStorage1",
            "type": "LinkedServiceReference"
        },
        "annotations": [],
        "type": "Json",
        "typeProperties": {
            "location": {
                "type": "AzureBlobFSLocation",
                "fileName": "threshold.json",
                "fileSystem": "project1"
            }
        },
        "schema": {
            "type": "object",
            "properties": {
                "id": {
                    "type": "string"
                },
                "name": {
                    "type": "string"
                },
                "segment": {
                    "type": "string"
                },
                "state": {
                    "type": "string"
                },
                "city": {
                    "type": "string"
                }
            }
        }
    }
}