{
    "name": "pipeline1",
    "properties": {
        "activities": [
            {
                "name": "GetThreshold",
                "type": "Lookup",
                "dependsOn": [],
                "policy": {
                    "timeout": "0.12:00:00",
                    "retry": 0,
                    "retryIntervalInSeconds": 30,
                    "secureOutput": false,
                    "secureInput": false
                },
                "userProperties": [],
                "typeProperties": {
                    "source": {
                        "type": "JsonSource",
                        "storeSettings": {
                            "type": "AzureBlobFSReadSettings",
                            "recursive": true,
                            "enablePartitionDiscovery": false
                        },
                        "formatSettings": {
                            "type": "JsonReadSettings"
                        }
                    },
                    "dataset": {
                        "referenceName": "CustomerJson1",
                        "type": "DatasetReference"
                    }
                }
            },
            {
                "name": "GetRecordCount",
                "type": "Lookup",
                "dependsOn": [
                    {
                        "activity": "GetThreshold",
                        "dependencyConditions": [
                            "Completed"
                        ]
                    }
                ],
                "policy": {
                    "timeout": "0.12:00:00",
                    "retry": 0,
                    "retryIntervalInSeconds": 30,
                    "secureOutput": false,
                    "secureInput": false
                },
                "userProperties": [],
                "typeProperties": {
                    "source": {
                        "type": "DelimitedTextSource",
                        "storeSettings": {
                            "type": "AzureBlobFSReadSettings",
                            "recursive": true,
                            "enablePartitionDiscovery": false
                        },
                        "formatSettings": {
                            "type": "DelimitedTextReadSettings"
                        }
                    },
                    "dataset": {
                        "referenceName": "Record_Count",
                        "type": "DatasetReference"
                    }
                }
            },
            {
                "name": "If Condition1",
                "type": "IfCondition",
                "dependsOn": [
                    {
                        "activity": "GetRecordCount",
                        "dependencyConditions": [
                            "Completed"
                        ]
                    }
                ],
                "userProperties": [],
                "typeProperties": {
                    "expression": {
                        "value": "@greater(int(activity('GetRecordCount').output.firstRow.total_count), int(activity('GetThreshold').output.firstRow.threshold_value))",
                        "type": "Expression"
                    },
                    "ifTrueActivities": [
                        {
                            "name": "Copy data1",
                            "type": "Copy",
                            "dependsOn": [],
                            "policy": {
                                "timeout": "0.12:00:00",
                                "retry": 0,
                                "retryIntervalInSeconds": 30,
                                "secureOutput": false,
                                "secureInput": false
                            },
                            "userProperties": [],
                            "typeProperties": {
                                "source": {
                                    "type": "JsonSource",
                                    "storeSettings": {
                                        "type": "AzureBlobFSReadSettings",
                                        "recursive": true,
                                        "enablePartitionDiscovery": false
                                    },
                                    "formatSettings": {
                                        "type": "JsonReadSettings"
                                    }
                                },
                                "sink": {
                                    "type": "DelimitedTextSink",
                                    "storeSettings": {
                                        "type": "AzureBlobFSWriteSettings"
                                    },
                                    "formatSettings": {
                                        "type": "DelimitedTextWriteSettings",
                                        "quoteAllText": true,
                                        "fileExtension": ".txt"
                                    }
                                },
                                "enableStaging": false
                            },
                            "inputs": [
                                {
                                    "referenceName": "CustomerJson1",
                                    "type": "DatasetReference"
                                }
                            ],
                            "outputs": [
                                {
                                    "referenceName": "Customer_data",
                                    "type": "DatasetReference"
                                }
                            ]
                        }
                    ]
                }
            }
        ],
        "annotations": []
    }
}