{
    "now": "2025-07-23T14:00:33.817Z",
    "perfNow": 16636012.700000001,
    "diagnosticCorrelation": "4330413f-3773-47f6-a72d-8dad84260695",
    "source": "DownloadSupportFiles",
    "environment": {
        "productName": "adf",
        "buildVersion": "1.0.071425.1",
        "environmentType": 3,
        "resourceName": "HIBA",
        "resourceRegion": "southindia",
        "resourceGroup": "SCDEMO",
        "subscriptionId": "99c9ecdf-d768-477a-b2d4-89c21839dea8",
        "sessionId": "voqml9VCFj/RAfOhnINsBU",
        "operationId": "",
        "gitType": "live",
        "loggingKey": "ef8d47b4-9a23-45e8-a161-34a8a1e1ba0d"
    },
    "additionalInfo": {
        "selectedResource": "pipeline1",
        "selectedResourceType": "pipeline"
    }
}