{
    "name": "dataflow1",
    "properties": {
        "type": "MappingDataFlow",
        "typeProperties": {
            "sources": [
                {
                    "dataset": {
                        "referenceName": "Customer_data",
                        "type": "DatasetReference"
                    },
                    "name": "source1"
                },
                {
                    "dataset": {
                        "referenceName": "Record_Count",
                        "type": "DatasetReference"
                    },
                    "name": "source2"
                }
            ],
            "sinks": [],
            "transformations": [
                {
                    "name": "join1"
                }
            ],
            "scriptLines": [
                "source(output(",
                "          {CREATE TABLE customer (} as string",
                "     ),",
                "     allowSchemaDrift: true,",
                "     validateSchema: false,",
                "     ignoreNoFilesFound: false) ~> source1",
                "source(output(",
                "          {SELECT COUNT(*) AS total_count FROM Customer} as string",
                "     ),",
                "     allowSchemaDrift: true,",
                "     validateSchema: false,",
                "     ignoreNoFilesFound: false) ~> source2",
                "source1 join({CREATE TABLE customer (} == ERROR_FUNCTION(''),",
                "     joinType:'inner',",
                "     matchType:'exact',",
                "     ignoreSpaces: false,",
                "     broadcast: 'auto')~> join1"
            ]
        }
    }
}